Waray,English,Tagalog
Aaluhon,shy,nahihiya
Aawa-on,envious,nakakainggit
Abaniko,hand fan,pamaypay ng kamay
Abat,obvious,halata naman
Aciete or asyete,cooking oil,mantika sa pagluluto
Adaw,midday; noon time,tanghali; oras ng tanghali
Adlaw,day,araw
Adto,there,doon
Aduy!,ouch!,aray!
Aga,morning,umaga
Agbon,ashes,abo
Aghat,to encourage,para hikayatin
Agi (1),penmanship,panulat
Agi (2),mark; footstep; accomplishment,markahan; yapak; tagumpay
Agsub,frequent; constant,madalas; pare-pareho
Agtang,forehead,noo
Ak,me,ako
Ako,"I, my, mine","Ako, aking, akin"
Alad,fence,bakod
Alayon,"please (as in ""Please, give this to her."")","pakiusap (tulad ng sa ""Pakiusap, ibigay ito sa kanya."")"
Alo,shame,kahihiyan
Alibangbang,butterfly,paruparo
Alkuba,ceiling,kisame
Alsa,to lift something; to carry another person,upang iangat ang isang bagay; para magdala ng ibang tao
Amay,father,ama
Am,us (me and her/him/them),kami (ako at siya/sila)
Ambagaw,according to,ayon sa
Ambot,I don't know,hindi ko alam
Amo,our (my and her/his/their),ang aming (akin at siya)
Amyon,scent,bango
Anano?,What?,ano?
Anay,termite,anay
Andana,storey,palapag
Andam,prepared,pinaghandaan
Ang-ang,to stammer; to stutter,mautal; nauutal
Ani,harvest,ani
Aninipot,firefly,alitaptap
Antiyuhos,eye glasses,salamin sa mata
Antos,to suffer,magdusa
Api,to belong; to be included,upang mapabilang; upang isama
Apo,grandchild,apo
Apo nga babaye,granddaughter,apo
Apo nga lalaki,grandson,apo
Apoy,grandparent,lolo't lola
Apoy nga babaye,grandmother,lola
Apoy nga lalaki,grandfather,lolo
Arado,plow,araro
Arakan,somebody who has a low tolerance for pain,isang taong may mababang tolerance para sa sakit
Aram,knowledge,kaalaman
Aringit,grumpy,masungit
Ariyos,earring,hikaw
Arot or arut,haircut,gupit
Arug,an old person,isang matandang tao
Arum,cloud (stress on the second syllable),ulap (stress sa pangalawang pantig)
Arum,mole (stress on the first syllable),nunal (diin sa unang pantig)
Asawa,spouse (husband or wife),asawa (asawa o asawa)
Asin,salt,asin
Aso,smoke,usok
Asukar,sugar,asukal
Asum,sour,maasim
Aswang,witch,mangkukulam
At,ours (yours and mine),atin (sa iyo at sa akin)
Atay,liver,atay
Ato,our (your and my),aming (iyo at akin)
Ato,to fight back,para lumaban
Atubangan,front,harap
Awa,envy,inggit
Awto,car,sasakyan
Ayam,dog,aso
Ayaw,don't,huwag
Babaye,woman,babae
Bado,dress; garment,damit; damit
Baga,red,pula
Bagahon,young and innocent,bata at inosente
Bag-ang,molar tooth,molar na ngipin
Bagis,line,linya
Bag-o,new,bago
Bagting,ringing of the bell,pagtunog ng kampana
Bakho,sob; to sob,hikbi; humihikbi
Baklo,to cut the nails,upang putulin ang mga kuko
Baklohan,nailcutter,nailcutter
Baktin,pig,baboy
Bala,bullet,bala
Balagun-on,naturally wavy hair,natural na kulot ang buhok
Balangaw,rainbow,bahaghari
Balaud,law,batas
Balay,house,bahay
Balbag,to hit somebody with a bat or any other object,upang tamaan ang isang tao ng paniki o anumang bagay
Balde,pail,balde
Baligya,an item for sale,isang bagay na ibinebenta
Balikad,"reversed, e.g., reversed clothes","nakabaliktad, hal., nakabaliktad na damit"
Baliko,crooked,baluktot
Balitang,stairs,hagdan
Balong,to throw something with great force or speed,maghagis ng isang bagay na may matinding lakas o bilis
Balud,wave,kumaway
Baluto,small boat,maliit na bangka
Baltok,intelligent,matalino
Balyo,to buy something,upang bumili ng isang bagay
Bandehado,platter,pinggan
Bangalog,lowland near the riverbank,mababang lupa malapit sa tabing ilog
Bang-og,bad odor especially referring to human waste,masamang amoy lalo na ang tumutukoy sa dumi ng tao
Banhod,the condition of being numb,ang kalagayan ng pagiging manhid
Bail,stocked rice,stocked na bigas
Banig,mat,banig
Banios,"to borrow some supply, e.g., rice, crops","upang humiram ng ilang suplay, hal., bigas, mga pananim"
Ban-o,to call a person's name,para tawagin ang pangalan ng isang tao
Bantog,famous,sikat
Banwa,grass,damo
Banwaanon,a creature from another dimension,isang nilalang mula sa ibang dimensyon
Barangas,beard,balbas
Baras,sand,buhangin
Barato,cheap,mura
Barbas,beard,balbas
Barko,ship,barko
Baryo,a small village,isang maliit na nayon
Basketbol,basketball,basketball
Basketbolan,basketball court,basketball court
Baso,glass,salamin
Bata,child (stress on the first syllable),bata (stress sa unang pantig)
Bata,uncle (stress on the second syllable),tiyuhin (stress sa pangalawang pantig)
Batad,a broom made of tambo,isang walis na gawa sa tambo
Bato,stone,bato
Batos,sidekick,sidekick
Baybay,beach,tabing dagat
Bayhon,face,mukha
Bayot,male homosexual; gay,lalaking tomboy; bakla
Bayud,millipede,millipede
Batuta,cudgel or baton,cudgel o baton
Berde,green,berde
Bikag,mumps,beke
Binglad,unhusked rice; palay (Tagalog),hindi tinabas na bigas; palay (Tagalog)
Binulan,monthly,buwanan
Bintana,window,bintana
Binuy-akan,kicked,sinipa
Biskwit,crackers,crackers
Bitiis,leg,binti
Bituon,star,bituin
Biyuos,bud,usbong
Buaya,crocodile,buwaya
Bubong,roof,bubong
Bubot,butt; rectum,puwit; tumbong
Budo,salted fish,inasnan na isda
Bugas,rice,kanin
Bug-os,whole,buo
Bugto,sibling,kapatid
Bugto nga babaye,sister,ate
Bugto nga lalaki,brother,kapatid
Buhat (1),to rise; to carry something,tumaas; upang magdala ng isang bagay
Buhat (2),activity,aktibidad
Buhian,to let go,para bitawan
Buhi,alive,buhay
Buhok,hair,buhok
Bukad,flower,bulaklak
Bukaw,owl,kuwago
Bukdo,to protrude,para makausli
Buksol,stocky; plump,matipuno; matambok
Buktot,hunchback,kuba
Bulag,separated,nagkahiwalay
Bulan,moon,buwan
Bulang,cockfight,sabong
Bulangan,cockfight arena,arena ng sabong
Bulaw,brown,kayumanggi
Bulawan,gold,ginto
Bulig,help; to help,tulong; para tumulong
Bulong,medicine,gamot
Bulos,revenge,paghihiganti
Bulsa,pocket,bulsa
Bunak,to wash clothes,para maglaba ng damit
Bunakan,laundry,paglalaba
Bunay,eggs,itlog
Bunay,scrotum,scrotum
Bun-i,ringworm,ringworm
Buno,to pierce,magbutas
Bungol,deaf,bingi
Bungot,mustache,bigote
Bungto,town,bayan
Buong,shattered or broken (as in broken glass),nabasag o nabasag (tulad ng sa basag na salamin)
Buotan,kind,mabait
Burabod,spring (natural source of water),bukal (natural na pinagmumulan ng tubig)
Buringot,messy; unkempt,magulo; gusgusin
Burobahutog,to wander aimlessly,upang gumala nang walang patutunguhan
Burobaluto,toy sailboat,laruang bangka
Burahibo,skin hair,balat buhok
Burog,haircut,gupit
Burod,pregnant,buntis
Buruhaton,things to be done; things to do,mga bagay na dapat gawin; mga bagay na dapat gawin
Busag,white,puti
Buslong,to look directly into another person's eyes,para tumingin ng diretso sa mata ng ibang tao
Busog,full; stuffed,puno; pinalamanan
Buta,blind,bulag
Butang nga pinanbuhat,activities accomplished,mga aktibidad na nagawa
Butnga,middle,gitna
Buto,penis (for mature men),ari ng lalaki (para sa mga mature na lalaki)
Butok,bind,magbigkis
Butong (1),to pull,upang hilahin
Butong (2),to buy a piece of land,upang bumili ng isang piraso ng lupa
Buwa,lie; to lie,kasinungalingan; magsinungaling
Buwaon,liar,sinungaling
Buwas,tomorrow,bukas
Buy-ak,to kick,sipa
Buy-ay,belly fat,taba ng tiyan
Buyhaw,sober,matino
Buyong,hernia,luslos
Daan,old,luma
Dada,aunt,tita
Dahon,leaf,dahon
Dagahap,blurred,malabo
Dagat,sea; beach,dagat; tabing dagat
Dagaw,shadow,anino
Dagnas,to drag something or somebody,upang i-drag ang isang bagay o isang tao
Dagum or dagom,needle,karayom
Daki,dandruff,balakubak
Dakop,to catch,para mahuli
Dakpa,a verb derived from dakop; a command to catch something,isang pandiwa na nagmula sa dakop; isang utos upang mahuli ang isang bagay
Dalagan,to run,para tumakbo
Dalan,road; path,kalsada; landas
Dalugdog,thunder,kulog
Danas,to drag something or somebody,upang i-drag ang isang bagay o isang tao
Danay,sometimes,minsan
Dapa,to lie down on the stomach,humiga sa tiyan
Daraga,an unmarried lady or a young unmarried girl,isang babaeng walang asawa o isang batang walang asawa
Daragita,a young girl (approximately between 10 to 14 years old),isang batang babae (humigit-kumulang sa pagitan ng 10 hanggang 14 taong gulang)
Darako or dako,big,malaki
Daramo or damo,many or abundant,marami o masagana
Datung,to arrive,para makarating
Daug,to win; winner,upang manalo; nagwagi
Daugan,winner,nagwagi
Dayaw,praise; to praise,papuri; para purihin
Dayuday,forever,magpakailanman
Dayupak,to clap,pumalakpak
Di,no; not,hindi; hindi
Dila,tongue,dila
Dimalas,unlucky,malas
Diri,no; not,hindi; hindi
Diskanso,to rest,magpahinga
Dito or ditoy,small,maliit
Dudgo,to wail because of extreme pain,humagulgol dahil sa sobrang sakit
Dug-ab,to belch,magbelch
Dugang,addition,karagdagan
Dughan,chest,dibdib
Dugo,blood,dugo
Dugtong,continuation,pagpapatuloy
Duha,two,dalawa
Duktor,doctor,doktor
Dulsi,candy,kendi
Duma,root crop,pananim ng ugat
Dunot,rotten,bulok
Dungan,synchronized,naka-synchronize
Dungot,dried nasal mucus,pinatuyong uhog ng ilong
Duok,to come nearer; to go nearer to a person or an object,upang lumapit; upang lumapit sa isang tao o isang bagay
Duon,to press,upang pindutin
During,dead skin cells,mga patay na selula ng balat
Durodilain,varied,iba-iba
Durot,greedy; selfish,sakim; makasarili
Durungan,synchronized,naka-synchronize
Dutdot,pubic hair,pubic hair
Duyan,hammock,duyan
Duyog,accompaniment,saliw
Edru,airplane,eroplano
Elepante,elephant,elepante
Embudo,funnel,funnel
Eskalon,storey,palapag
Eskuyla,student,estudyante
Eskuylahan,school,paaralan
Gagasud,to shout,para sumigaw
Gahum,power,kapangyarihan
Gamot,root,ugat
Ganghaw,breath,hininga
Garudgatod,rough,magaspang
Gatas,milk ; to leave,gatas ; na umalis
Gimahali,skyrocketing prices,tumataas na presyo
Ginhawa,to breathe,huminga
Ginoo,God; Lord,Diyos; Panginoon
Ginparong,turned off the lights,pinatay ang mga ilaw
Gisi,to tear,upang mapunit
Grabe,seriously ill,malubha ang sakit
Gugma,love,pag-ibig
Gulpi,plenty,marami
Gunit,to pull another person's hair,para hilahin ang buhok ng ibang tao
Gusaw,out of tune; off-key,wala sa tono; off-key
Gutok,back (back of the body),likod (likod ng katawan)
Gutom,hunger; hungry,gutom; gutom
Guyok,to tickle; ticklish,kiliti; nakakakiliti
Hababaw,shallow,mababaw
Habubo,short,maikli
Hagdan,stairs,hagdan
Hagong,snore; to snore,hilik; maghilik
Hadi,king,hari
Hain,where,saan
Harok,kiss,halikan
Halaba,long,mahaba
Halarom (or hilarom),deep,malalim
Halapad,wide,malawak
Halas,snake,ahas
Halipot,short,maikli
Halot,greedy; selfish,sakim; makasarili
Hangga,chicken pox,bulutong
Hangkop,to embrace; to hug,yakapin; yakapin
Harani,near,malapit na
Harayo,far,malayo
Harigi,pillar,haligi
Haruan,mud fish,isda ng putik
Harubas,naked,hubad
Hasta,"including, e.g., ""hasta ak"" (It includes me.), ""hasta an mga bisita"" (including the visitors)","kasama, hal., ""hasta ak"" (Kabilang dito ako.), ""hasta an mga bisita"" (kabilang ang mga bisita)"
Hayop,animal,hayop
Hawan,yard,bakuran
Higda,to lie down,humiga
Higdaan,a place for sleeping; a bed,isang lugar para sa pagtulog; isang kama
Higop,to drink from a bowl,uminom mula sa isang mangkok
Higot,knot,buhol
Higripid,neighbors,mga kapitbahay
Hinay-hinay,slowly,dahan-dahan
Hinigugma,beloved,minamahal
Hinimo,created; made,nilikha; ginawa
Hinog,ripe,hinog na
Hinumdumi,to remember,para maalala
Hinumduman,remembrance,pag-alala
Hingbis,scales (as in fish scales),kaliskis (tulad ng sa kaliskis ng isda)
Hingyap,obsession,pagkahumaling
Hipid,neighbor,kapitbahay
Hiranat,fever,lagnat
Hirot,careful,ingat
Hirug,to scrub the body,para kuskusin ang katawan
Hirugan,"a stone used for cleaning the body, i.e., to remove dead skin cells","isang bato na ginagamit para sa paglilinis ng katawan, ibig sabihin, upang alisin ang mga patay na selula ng balat"
Hiunong,about,tungkol sa
Hiwa,mouth,bibig
Hiyum,smile,ngumiti
Hostes,prostitute,patutot
Huba,naked,hubad
Hubog,drunk,lasing
Hubrak,lazy,tamad
Hubya,lazy,tamad
Hugay,to convince; to lure,upang kumbinsihin; para mang-akit
Hulas,sweat; perspiration,pawis; pagpapawis
Hulat,to wait,maghintay
Hulos,wet,basa
Human,finished; done,tapos na; tapos na
Humoy,wet,basa
Hunahuna,idea,ideya
Huni,chirping of the birds,huni ng mga ibon
Huram,to borrow,manghiram
Huring,whisper,bulong
Hurobhutob,speculations,mga haka-haka
Hurong-hurong,tipsy,lasing
Hutib-hutib,murmur,bulungan
Hutok,to bow down one's head,iyuko ang ulo
Hutuwong,to stare blankly,para makatitig ng walang laman
Huwas,healed,gumaling
Huyam,to yawn,humikab
Huygo,to gamble,magsugal
Huyop,to blow,pumutok
Iban,subtraction,pagbabawas
Ido,puppy,tuta
Igsura,a dish that consists of either fish or meat,isang ulam na binubuo ng alinman sa isda o karne
Ihi,urine,ihi
Ika-duha,second,pangalawa
Ika-lima,fifth,panglima
Ika-napulo,tenth,ikasampu
Ika-pito,seventh,ikapito
Ika-siyam,ninth,ikasiyam
Ika-tulo,third,pangatlo
Ika-unom,sixth,pang-anim
Ika-upat,fourth,pang-apat
Ikaw,you,ikaw
Ika-walo,eighth,ikawalo
Imos,insane,nakakabaliw
Inadlaw,daily,araw-araw
Indigay,competition,kompetisyon
Inop,dream; ambition,panaginip; ambisyon
Inuli,went home,umuwi na
Inggids,boyfriend; girlfriend,kasintahan; kasintahan
Ilarum,"lower part (of a house, of an object)","ibabang bahagi (ng bahay, ng isang bagay)"
Ilo,orphan,ulila
Im-im,lip/s,labi/s
Indig,envy,inggit
Inuumaw,senile,may edad na
Ipo,cat,pusa
Irapa,sickly,may sakit
Irimnun or irimnon,liquor,alak
Irok,armpit,kilikili
Irong,nose,ilong
Iroy,mother,ina
Isda,fish,isda
Isol,move aside,tumabi
Istrikto,disciplinarian,disciplinarian
Ispat,flashlight,flashlight
Kaagahon,dawn,madaling araw
Kaapi,member,miyembro
Kaarugan,the elderly,ang matatanda
Kababayen-an,women,mga babae
Kabataan,youth,kabataan
Kabayo,horse,kabayo
Kablas,poor,mahirap
Kabubwason,bright future,maliwanag na kinabukasan
Kabugtoan,siblings,magkapatid
Kabulig,household help,tulong sa bahay
Kadaan,obsolete,lipas na
Kada adlaw,every day,araw-araw
Kada bulan,every month,bawat buwan
Kada gab-i,every night,tuwing gabi
Kada kulop,every afternoon,tuwing hapon
Kadam-an,majority,karamihan
Kada tuig,every year,bawat taon
Kadayaw,full moon,kabilugan ng buwan
Kadop,to swim deeper,para lumangoy ng mas malalim
Kag-anak,parent,magulang
Kagugub-an,forest,kagubatan
Kagurangan,forest,kagubatan
Kahapon,yesterday,kahapon
Kahawan,clean surroundings,malinis na paligid
Kahimo,face,mukha
Kahulop,to worry,mag-alala
Kaisog,courage,lakas ng loob
Kaka,to scratch,magkamot
Kalalakin-an,men,mga lalaki
Kalamay,hard dark brown sugar,matigas na dark brown na asukal
Kalawid,small hut; temporary shelter,maliit na kubo; pansamantalang tirahan
Kalayo,fire,apoy
Kaldero,rice pot,palayok ng bigas
Kalibutan,world,mundo
Kalinaw,peace,kapayapaan
Kalipay,joy,kagalakan
Kalot,to scratch a body part,para magkamot ng parte ng katawan
Kalagwating,tall and slender,matangkad at balingkinitan
Kalye,street,kalye
Kamatis,tomato,kamatis
Kamatayon,death,kamatayan
Kamatuoran,truth,katotohanan
Kamot,hand,kamay
Kamutang,"condition, e.g., a patient's condition","kondisyon, hal., kondisyon ng pasyente"
Kamutangan,situation; condition,sitwasyon; kundisyon
Kanina,a while ago,kanina lang
Kanira/kanra,their; theirs,kanilang; sa kanila
Kan-o,when,kailan
Kanta,to sing,kumanta
Kantura,church choir,koro ng simbahan
Kaon,to eat,kumain
Kapalaran,fate; destiny,kapalaran; tadhana
Kapasakyan,rice fields,palayan
Kape,coffee,kape
Kapirdihan,loss,pagkawala
Kapot,to hold,humawak
Karabasa,squash (plant),kalabasa (halaman)
Karaha,pan,pan
Karan-un,sweets; dessert,matamis; panghimagas
Karasal,wedding feast,piging sa kasal
Kari,dry scaly skin,tuyong balat na nangangaliskis
Karion,someone who has dry scaly skin,isang taong may tuyong balat na nangangaliskis
Karuha,twin,kambal
Karuyag,to like,magustuhan
Kasal,wedding,kasal
Kasangkayan,friends,mga kaibigan
Kaserola,pot,palayok
Kasili,eel,igat
Kasina,anger,galit
Kasing-kasing,heart,puso
Kaspa,dandruff,balakubak
Katapusan,end,wakas
Katawhan,people,mga tao
Katitirok,gathering,pagtitipon
Katre,bed,kama
Katsapa,frog,palaka
Katsumba,chili,sili
Katol,itchy,makati
Katungod,right (as in the right to live),tama (tulad ng sa karapatang mabuhay)
Katutnga,midnight,hatinggabi
Katurog,sleep,matulog
Katuyawan,foolishness,kalokohan
Kaurupdan,relatives,mga kamag-anak
Kawayan,bamboo,kawayan
Kay nano,why,bakit
Kibul or kibol,to strangle,sa sakalin
Kidokido,to gyrate,upang mag-gyrate
Kiki,food stuck between teeth,pagkain na nakadikit sa pagitan ng mga ngipin
Kinabuhi,life,buhay
Kinahanglan,necessary,kailangan
Kinasingkasing,sincere,taos-puso
Kinupkop,past tense of kupkop,past tense ng kupkop
Kiray,eyebrow,kilay
Kiru or kiro,to wink,para kumindat
Kisam,to chew,ngumunguya
Kiwa,movement,paggalaw
Kon sugad,therefore,samakatuwid
Kosta,a type of banana,isang uri ng saging
Kubot,to pinch,kurutin
Kugang,scab,langib
Kugos,to carry an infant or a child,magdala ng sanggol o bata
Kulaog,shout; to shout,sumigaw; para sumigaw
Kulali,earwax,tainga
Kulang,lacking,kulang
Kulayhong,"to place something around the neck, e.g., a garland","upang maglagay ng isang bagay sa paligid ng leeg, hal., isang garland"
Kuligi,to shriek; to cry out in a high-pitched voice,tumili; sumigaw sa mataas na boses
Kulo,toenail or fingernail,kuko sa paa o kuko
Kulop,afternoon,hapon
Kumayingking,little finger,maliit na daliri
Kupkop,to embrace; to hug,yakapin; yakapin
Kupsan,waist,baywang
Kurahab,a loud cry; to cry loudly,isang malakas na sigaw; umiyak ng malakas
Kurdog,insane,nakakabaliw
Kuriot,to squint,upang duling
Kuro,shrink,lumiit
Kuron,clay pot,palayok ng luwad
Kurong,curly hair,kulot na buhok
Kurutol,a malnourished person; a plant with stunted growth,isang malnourished na tao; isang halaman na may bansot na paglaki
Kuryente,electric current,agos ng kuryente
Kusog,strength,lakas
Kuto,head louse,kuto sa ulo
Kutsara,spoon,kutsara
Kutsarita,teaspoon,kutsarita
Kutsilyo,knife,kutsilyo
Kuwarto,bedroom,kwarto
Kwarta,money,pera
Lab-as,freshly caught fish,bagong huli na isda
Lagay,mud,putik
Lagikway,cassava,kamoteng kahoy
Lagus,gums,gilagid
Lahing,fully grown,ganap na lumaki
Lain,different,magkaiba
Lakaw,to walk,maglakad
Lako,phlegm,plema
Lakub,a bamboo container for coconut wine,isang lalagyan ng kawayan para sa alak ng niyog
Lamo,unorganized,hindi organisado
Larang,plan,plano
Langaw,fly (insect),lumipad (insekto)
Langit,heaven,langit
Langoy,to swim,upang lumangoy
Laso (1),boiled water,pinakuluang tubig
Laso (2),ribbon,laso
Lasona,garlic,bawang
Lata,tin can,lata
Lata,to speak,magsalita
Lawas,body,katawan
Laway,saliva,laway
Lawud,ocean,karagatan
Laum,to hope; to expect,umasa; umasa
Lauy,to visit a sick person; to visit the Blessed Sacrament,upang bisitahin ang isang taong may sakit; upang bisitahin ang Banal na Sakramento
Leog,neck,leeg
Liang,to be absent,para umabsent
Libak,to backbite,sa backbite
Libat,cross-eyed,naka-cross-eyed
Libo,to cheat,para manloko
Libro,book,aklat
Libsog,healthy,malusog
Lido,to roll,upang gumulong
Lidong,wheel,gulong
Ligid,side (as in left side or right side),gilid (tulad ng sa kaliwang bahagi o kanang bahagi)
Lilimuton,forgetful,nakakalimot
Lima,five,lima
Limugmog,to gargle,magmumog
Linog,earthquake,lindol
Lingkod,to sit,umupo
Linta,leech,linta
Linya,line,linya
Lisang,to panic,para magpanic
Lista,a list; to make a list,isang listahan; para gumawa ng listahan
Listo,experienced; knowledgeable,karanasan; marunong
Lipon,wall,pader
Lipuyok,round,bilog
Liwan,replacement,kapalit
Lomo,a dish made of sauteed meat mixed with animal blood,isang ulam na gawa sa ginisang karne na hinaluan ng dugo ng hayop
Lubak-lubak,bumpy,bumpy
Lubi,coconut,niyog
Luga,yellow or brown fluid coming from the ear,dilaw o kayumangging likido na nagmumula sa tainga
Luho,hole,butas
Luhod,to kneel,lumuhod
Lunop,deluge,delubyo
Lupad,to fly,para lumipad
Lupo,sprain,pilay
Lusa,the egg of a head louse; nits,ang itlog ng kuto sa ulo; nits
Luwa or lowa,poetry; poem,tula; tula
Luyo,at the back (back of the building/back seat),sa likod (likod ng gusali/likod na upuan)
Maamhok,the smell of stocked rice,ang bango ng stocked rice
Maaram,knowledgeable,marunong
Maasin,salty,maalat
Maasum,sour,maasim
Mabanhud,numb,manhid
Mabara,ugly,pangit
Mabara-bara,slightly ugly,medyo pangit
Mabaho,stinky,mabaho
Mabaho-baho,a bit stinky/smelly,medyo mabaho/baho
Mabaysay,lovely; beautiful,kaibig-ibig; maganda
Mabug-at,heavy,mabigat
Madalunot,slippery,madulas
Madre,nun,madre
Maduas,pale,maputla
Maduruto,hardworking; industrious,masipag; masipag
Magaan,light,liwanag
Mag-asawa,married couple,mag-asawa
Mag-amay,father and child,ama at anak
Magbulag,to part ways; to disunite,maghiwalay ng landas; maghiwalay
Magburuhat,Creator,Tagapaglikha
Mag-iroy,mother and child,ina at anak
Magkarukat,assorted,sari-sari
Magnanay,mother and child,ina at anak
Magtatay,father and child,ama at anak
Mag-unabi,to mention something,magbanggit ng isang bagay
Magurang,older,mas matanda
Mahagkot,cold (as in cold weather),malamig (tulad ng sa malamig na panahon)
Mahal,expensive,mahal
Mahamis (1),smooth: smooth skin or smooth surface,makinis: makinis na balat o makinis na ibabaw
Mahamis (2),orderly,maayos
Maharang,spicy hot,maanghang na mainit
Mahibaro,to learn,para matuto
Mahinay,slow,mabagal
Mahiran,quarrelsome,palaaway
Mahi-una,to ba first,to ba muna
Mahi-uri,to be last,maging huli
Mahugos,thin or skinny (as in skinny child),payat o payat (tulad ng sa payat na bata)
Mahulos,wet,basa
Mahumot,fragrant,mabango
Mahuraw,dry season,tagtuyot
Mahusay,beautiful,maganda
Mainggat,shiny,makintab
Mairas,warm weather,mainit na panahon
Makahihigugma,loveable,mapagmahal
Makalalangot,annoying,nakakainis
Makalilipay,any event that makes a person happy,anumang pangyayaring nagpapasaya sa isang tao
Makasikasi,resourceful,maparaan
Makatatawa,funny,nakakatawa
Makatol,itchy,makati
Makililimos,beggar,pulubi
Makisasangkayon,friendly,palakaibigan
Makulba,alarming,nakakaalarma
Makuri,difficult to accomplish,mahirap tuparin
Makusog,strong,malakas
Malabyaw,snobbish,snob
Malagay,muddy,maputik
Malaksi,fast; quick,mabilis; mabilis
Malaw-ay,"impure thoughts, words, and actions","maruming pag-iisip, salita, at kilos"
Malibo,cheater,manloloko
Malimpyo,clean,malinis
Malinaw,calm,kalmado
Malinawon,peaceful,mapayapa
Malipayon,happy,masaya
Malipong (1),dizzy,nahihilo
Malipong (2),to feel unwell because of a complicated situation,masama ang pakiramdam dahil sa isang komplikadong sitwasyon
Maluluy-on,merciful,maawain
Maluya,weak,mahina
Mamara,dry,tuyo
Mamingaw,quiet/silent,tahimik/tahimik
Mananap,insect,insekto
Mani,peanut,mani
Manipis,thin (as in thin book),manipis (tulad ng sa manipis na libro)
Mantika,oil,langis
Mangaro,blunt or dull (a knife that's not sharp),mapurol o mapurol (isang kutsilyo na hindi matalim)
Manugbanog,kite,saranggola
Manunubos,Savior,Tagapagligtas
Manghud,younger sibling,nakababatang kapatid
Mapait,bitter,mapait
Mapan-os,stale or spoiled,lipas o spoiled
Mapaso,hot temperature,mainit na temperatura
Mapinit,cold (as in cold food),malamig (tulad ng sa malamig na pagkain)
Mapintas,brave,matapang
Mapurot,ugly; undesirable,pangit; hindi kanais-nais
Maragkot,sticky,malagkit
Maragumo,crunchy,malutong
Marabong,thick (as in thick grass),makapal (tulad ng sa makapal na damo)
Marasa,delicious,masarap
Maribhong,festive mood,maligaya na kalooban
Marig-on,sturdy,matibay
Marigsuk,dirty,marumi
Marigna,dirty,marumi
Martilyo,hammer,martilyo
Masamok,topsy-turvy,gulo-gulo
Masayon,easy,madali
Masirum,dark,madilim
Masudang,"sunny (e.g., sunny day)","maaraw (hal., maaraw na araw)"
Masuliaw,glaring light,nakasisilaw na liwanag
Masulog,"swiftly flowing (e.g., river)","mabilis na umaagos (hal., ilog)"
Masuna,bright,maliwanag
Masuol,painful,masakit
Masurub-on,sad; lonely,malungkot; nag-iisa
Mata (1),eye,mata
Mata (2),awake,gising
Mataba,plump,matambok
Mataba-taba,chubby,chubby
Matabata,doll,manika
Matalaw,coward,duwag
Matabata,doll,manika
Matamay,one who belittles or looks down on other people,isang taong minamaliit o minamaliit ang ibang tao
Matam-is,sweet,matamis
Matangis,fond of crying; one who easily cries,mahilig umiyak; isang taong madaling umiyak
Matanglay,tiresome,nakakapagod
Matapsi,tasteless,walang lasa
Matarom,sharp,matalas
Matatapuran,trustworthy,mapagkakatiwalaan
Matawa-tawa,smiling; happy,nakangiti; masaya
Matiaw,somebody who jokes a lot,isang tao na maraming biro
Matibaksi,active,aktibo
Matugas,hard (opposite of soft),matigas (kabaligtaran ng malambot)
Matuod-tuod,believable,mapagkakatiwalaan
Mauli,will go home,uuwi na
Maupay,good,mabuti
Mauran,"rainy (e.g., rainy day)","maulan (hal., tag-ulan)"
Mauyam,boring,nakakatamad
May,has/have/had,mayroon/nagkaroon/nagkaroon
Mayaman,rich,mayaman
Mayaon,has/ have/ had,mayroon/ mayroon/ nagkaroon
Mayumo,soft,malambot
Merkado,market,palengke
Minimingaw,homesick,nangungulila
Misay (regular Waray),cat,pusa
Molinohan,rice mill,gilingan ng bigas
Mud-ot,to frown,sumimangot
Musdot,to frown,sumimangot
Musurot,to frown,sumimangot
Naabat,aware; conscious,kamalayan; malay
Naaawa,envious (with selfish motive),naiinggit (may makasariling motibo)
Nababarahibuan,to feel inferior,para makaramdam ng kababaan
Nababarikaso,busy,abala
Nababarahuba,worried,nag-aalala
Nadiri,does not like,ay hindi gusto
Nag-a-ang-ang,stutterring,nauutal
Nagbabati,experiencing labor pains,nakakaranas ng pananakit ng panganganak
Nagdudugo,bleeding,dumudugo
Nagdudugtong,connection; connecting,koneksyon; nagdudugtong
Naghihiniran,quarreling,nag-aaway
Naghuhuna-huna,deeply absorbed in thought; thinking,malalim na hinihigop sa pag-iisip; iniisip
Nag-iinop,dreaming; daydreaming,nangangarap; nangangarap ng gising
Nag-inop,dreamt,nanaginip
Nagkikiwa,moving; active,gumagalaw; aktibo
Nagmaan,learned a lesson the hard way,natuto ng leksyon sa mahirap na paraan
Nagmamata,awake,gising
Nagruruhaduha,having second thoughts,nagdadalawang isip
Nagsisirum,the time of day right after sunset,ang oras ng araw pagkatapos ng paglubog ng araw
Nagsusumpay,connection; connecting,koneksyon; nagdudugtong
Nagtatabag,to carry or to hold something with the use of the mouth,magdala o humawak ng isang bagay gamit ang bibig
Nag-uubay,the act of sleeping together in one bed,ang pagkilos ng pagtulog nang magkasama sa isang kama
Nag-unabi,mentioned something,may binanggit
Nahingangaturog,sleepy,inaantok
Nahingaratan,startled,nagulat
Nahipakulob,tripped and fell face down,natapilok at bumagsak ang mukha
Nahipalindas,tripped and fell,natapilok at nahulog
Nahi-una,past tense of mahi-una,past tense ng mahi-una
Nahiunongan,cause,dahilan
Nahi-uri,past tense of mahi-uri,past tense ng mahi-uri
Nahuhulop,worried,nag-aalala
Nahuhulog,is falling,ay bumabagsak
Nahulog,fell,nahulog
Naihap,was/were counted,ay/ay binilang
Naiktay,short as in short dress,maikli as in short dress
Naindig,envious; jealous,naiinggit; nagseselos
Nakakaaghat,encouraging,naghihikayat
Nakaladkad,boiling,kumukulo
Nakaturog,sleeping,natutulog
Nakatuspok,sleeping,natutulog
Nakaulang,hindrance,hadlang
Nakirab,worried,nag-aalala
Nalalangot,annoyed; upset,inis; nagagalit
Nalaum,to expect,umasa
Nalilipay,happy,masaya
Nalilipong,dizzy,nahihilo
Nalingkod,sitting; in a sitting position,nakaupo; sa posisyong nakaupo
Nalulumos,drowning,nalulunod
Namud-ot,frowning,nakasimangot
Namusdot,frowning,nakasimangot
Namusurot,frowning,nakasimangot
Nan-gigirabo,having goosebumps,pagkakaroon ng goosebumps
Nangingipa,see pangipa,see pangipa
Namok,mosquito,lamok
Nanhuhuna-huna,deeply absorbed in thought; thinking,malalim na hinihigop sa pag-iisip; iniisip
Nanmumurutos-putos,having goosebumps,pagkakaroon ng goosebumps
Nanay,mother,ina
Nano,what,ano
Napulo,ten,sampu
Napunitan,had a miscarriage,nagkaroon ng miscarriage
Napurakan,had a miscarriage,nagkaroon ng miscarriage
Naririmadima,"to feel ""yucky""","para makaramdam ng ""yucky"""
Nariringa,restless,hindi mapakali
Nars,nurse,nars
Nasarang,to give a wrong answer,para magbigay ng maling sagot
Nasarit,to ask permission,para humingi ng permiso
Nasingarug,"one who behaves, acts, and thinks like an old person","isa na umasal, kumikilos, at nag-iisip na parang matanda na"
Nasisina,angry; mad,galit; baliw
Nasud,country,bansa
Nasusubo,sad,malungkot
Natatanglay,tired,pagod
Natig-luya,getting weaker and weaker,nanghihina at nanghihina
Natugbos,in a standing position,sa isang nakatayong posisyon
Naudog,stiff,matigas
Nautog,having an erection,pagkakaroon ng paninigas
Nauuyam,bored,naiinip
Niyan,later,mamaya
Nuka,skin disease,sakit sa balat
Nuos,squid,pusit
Ngadi,here,dito
Ngahab,somebody with missing front teeth,isang taong may nawawalang ngipin sa harap
Ngain,where,saan
Nganga,to open one's mouth,para ibuka ang bibig
Ngaran,name,pangalan
Ngarub,hoarse voice,paos na boses
Ngadto,there,doon
Ngula,mute,pipi
Nguynguy,wail; to wail,humagulgol; humagulgol
Ohataw,soup bowl,mangkok ng sabaw
Oo,yes,oo
Olot,monkey,unggoy
Paa,thigh,hita
Padag,one who doesn't know how to dance,isang hindi marunong sumayaw
Padayon,continue,magpatuloy
Padi,priest,pari
Pagal-pagal,dead tired,patay pagod
Pag-ani,to harvest,para anihin
Pag-antos,suffering,paghihirap
Pag-aro,to ask a favor; to ask for something,upang humingi ng pabor; para humingi ng isang bagay
Pag-ataman,to take care of something or somebody,para alagaan ang isang bagay o isang tao
Pagbahin-bahin,to divide,upang hatiin
Pagbanti,to till the land,upang bungkalin ang lupa
Pagdalus,to uproot or to clear weeds using purang,magbunot o magtanggal ng mga damo gamit ang purang
Pagdatung,arrival,pagdating
Pagdugang,to add,upang magdagdag
Pagduso,to push,para itulak
Paggikan,departure,pag-alis
Paghimo,to create; to make,upang lumikha; para gumawa
Paghinay,take care,ingat ka
Paghunahuna,to think,mag-isip
Pag-iban,to subtract,upang ibawas
Pag-ihap,to count,magbilang
Pagkabahin-bahin,division,dibisyon
Pagkahulog,to fall,mahulog
Pagkalipay,happiness,kaligayahan
Pagkamingaw,homesickness,pangungulila
Pagkapalindas,to trip and fall,madapa at mahulog
Pagkapakulob,to trip and fall face down,madapa at madapa
Pagkaon,food,pagkain
Pagkasubo,sadness,kalungkutan
Pagkatangkud,honesty; faithfulness,katapatan; katapatan
Pagkaumaw,senility,katandaan
Pagkawakay,destruction,pagkawasak
Pagkiwa,to move,para gumalaw
Paglata,to speak,magsalita
Paglaum,hope,pag-asa
Paglimot,to forget,para makalimot
Pagmaan,to learn a lesson the hard way,para matuto ng leksyon sa mahirap na paraan
Pagmangno,to nurture,para alagaan
Pagnguynguy,cries (n.),umiiyak (n.)
Pagpara,to delete; to erase,tanggalin; para burahin
Pagparong,to turn off the lights,para patayin ang mga ilaw
Pagpulod,to fell a tree,na bumagsak ng puno
Pagpunit,to have an abortion,na magpalaglag
Pagpurak,to have an abortion,na magpalaglag
Pagrabas,to cut tall grasses,upang putulin ang matataas na damo
Pagragas,to destroy something,upang sirain ang isang bagay
Pagsagdon,to advise,upang payuhan
Pagsubaw,to have a proposal; to propose,magkaroon ng panukala; mag-propose
Pagtapod,trust; to trust,pagtitiwala; magtiwala
Pagtirok,to save money,para makatipid
Pagtoo,faith,pananampalataya
Pagtulang,to push,para itulak
Pag-ukad,to dig,maghukay
Pag-uma,farming,pagsasaka
Pag-ungara,to desire something,pagnanais ng isang bagay
Pag-utod,to break something into two,upang hatiin ang isang bagay sa dalawa
Pagwakay,to destroy,upang sirain
Pahumot,perfume,pabango
Pahuway,rest; to rest,pahinga; magpahinga
Paisan-isan,contest,paligsahan
Pakadi,come here,halika dito
Pakadto,go there,pumunta doon
Palad,palm,palad
Palad,fate; destiny,kapalaran; tadhana
Palakin-on,lesbian,tomboy
Palingki,crazy,baliw
Palit,to buy,para bumili
Pamahaw,breakfast,almusal
Pananglitan,for example,halimbawa
Pamati (1),to listen,para makinig
Pamati (2),"how a person feels, e.g., How are you feeling today?","kung ano ang nararamdaman ng isang tao, hal., Ano ang pakiramdam mo ngayon?"
Pan-girabo,to have goosebumps,para magkaroon ng goosebumps
Pangadye,prayer; to pray,panalangin; magdasal
Pangandiis,dimple,dimple
Panganuron,skies; sky,kalangitan; langit
Pangawat,to rob,magnakaw
Pangiklop,supper,hapunan
Panginadaw,lunch,tanghalian
Panginahanglan,needs,pangangailangan
Panginano,to attend to something or someone,upang alagaan ang isang bagay o isang tao
Pangipa,strange food cravings during pregnancy,kakaibang pananabik sa pagkain sa panahon ng pagbubuntis
Pangisda,fishing,pangingisda
Pangiwakiwa,to do something in order to accomplish a goal,gumawa ng isang bagay upang makamit ang isang layunin
Pangutan,to harvest vegetables,upang mag-ani ng mga gulay
Pangutana,question; to ask a question,tanong; para magtanong
Pangutan-an,to ask a question,para magtanong
Panit,skin,balat
Pantalan,wharf,pantalan
Pantog,bladder,pantog
Panulay,devil,demonyo
Panyo,handkerchief,panyo
Parag-arot,barber; one who gives a haircut,barbero; isang nagpapagupit
Paragburog,barber; one who gives a haircut,barbero; isang nagpapagupit
Paragluto,cook,magluto
Paragpatay,butcher,magkakatay ng karne
Paragtahi,dressmaker; tailor,tagagawa ng damit; sastre
Parag-uma,farmer,magsasaka
Parapangisda,fisherfolk,mangingisda
Parigo,to take a bath; to take a shower,upang maligo; para maligo
Parong,lights off,patay ang mga ilaw
Pasakay,rice field,palayan
Pasi,piglet,biik
Patay,dead,patay
Patigoon,riddle,bugtong
Pating,shark,pating
Patud,cousin,pinsan
Paun,bait,pain
Payatak,to stomp the feet on paddies to make the latter ready for planting,upang itapak ang mga paa sa mga palayan upang ihanda ang huli para sa pagtatanim
Payong,umbrella,payong
Petrolyo,gas,gas
Piksi,torn,napunit
Pikoy,parrot,loro
Pilak,to throw away,para itapon
Pili,black (stress on the second syllable),itim (stress sa pangalawang pantig)
Pili,to choose (stress on the first syllable),upang pumili (diin sa unang pantig)
Pilo,to fold,tiklop
Piguot,narrow,makitid
Piniliay,election,halalan
Pinirit,forced,pilit
Pinggan,plate,plato
Pingkot,safety pin,safety pin
Pinunyos,sweater,panglamig
Pinutos,something wrapped,may nakabalot
Pira,how much; how many,magkano; ilan
Piraw,without sleep or the condition of having lack of sleep,walang tulog o kondisyon na kulang sa tulog
Pirdido,loser,talunan
Pirit,forced,pilit
Pitad,to raise one foot and put it down in another spot,upang itaas ang isang paa at ilagay ito sa ibang lugar
Platito,saucer,platito
Plete,rent,upa
Pinaray,plenty of harvest,maraming ani
Pinit,lizard,butiki
Pinya,lover; common-law wife/husband,magkasintahan; common-law na asawa/asawa
Piruk,eyelash,pilikmata
Pitaka,wallet,wallet
Pito,seven,pito
Piyapig,flat,patag
Piyos,uncircumcised,hindi tuli
Piyung or piyong,to close one's eyes,para ipikit ang mata
Polo,the handle of a bolo or a knife,ang hawakan ng bolo o kutsilyo
Potoy/ putoy,penis (for small or young boys),ari ng lalaki (para sa maliliit o batang lalaki)
Puday or poday,female genitalia (for mature women),babaeng genitalia (para sa mga babaeng may sapat na gulang)
Pulis,police,pulis
Punda,pillow case,unan
Pundir,busted fluorescent tube or bulb,busted fluorescent tube o bombilya
Punggod,pimple,tagihawat
Pungkay,top of a tree,tuktok ng isang puno
Punsyon,party,party
Purang,a bolo with a round end; used for clearing bushes or for cutting heavy ground cover,isang bolo na may bilog na dulo; ginagamit para sa paglilinis ng mga palumpong o para sa pagputol ng mabigat na takip sa lupa
Purdoy,bankrupt,bangkarota
Purot,to pick up something (pick up a book),upang kunin ang isang bagay (kumuha ng isang libro)
Pursiras,bracelet,pulseras
Purtahan,door,pinto
Puruton,sea shells,mga shell ng dagat
Pusa,to wash one's feet,maghugas ng paa
Pusta,bet; to bet,taya; para tumaya
Pusil,gun,baril
Pusil-pusil,toy gun,laruang baril
Pusit,unripe,hindi pa hinog
Pustiso,dentures,pustiso
Puthaw,iron; steel,bakal; bakal
Puto,bankrupt,bangkarota
Puto,a type of rice cake,isang uri ng rice cake
Putos,wrapper,pambalot
Puyet,female genitalia (for girls),babaeng ari (para sa mga babae)
Rabhit,to sweep,magwalis
Ragas,the condition of being destroyed,ang kalagayan ng pagkawasak
Rapadapa,sole (foot),solong (paa)
Rasa,the quality of being delicious,ang kalidad ng pagiging masarap
Rayna,queen,reyna
Raysang,nail (pointed piece of metal),pako (tulis na piraso ng metal)
Ribang,to argue,makipagtalo
Ribok,chaos,kaguluhan
Rigna,waste,basura
Rigsok,waste,basura
Ruto,mourning,pagluluksa
Sabaw,soup,sabaw
Sabon,soap,sabon
Sabot,to understand,para maintindihan
Sadto,distant past; a long time ago,malayong nakaraan; matagal na ang nakalipas
Sagdon,advice,payo
Saging,banana,saging
Sagpon,conceiving; pregnant,naglilihi; buntis
Saka,to come up the house; to go upstairs,upang umakyat sa bahay; para umakyat
Sakada,to purchase in bulk,para bumili ng maramihan
Sakayan,boat,bangka
Sakit,ailment,karamdaman
Sala (1),sin,kasalanan
Sala (2),living room,sala
Sala (3),mistake,pagkakamali
Salamat,thanks; thank you,salamat; salamat po
Salapid,to braid hair,sa tirintas ng buhok
Salbahis,cruel; savage; bad; mischievous,malupit; ganid; masama; malikot
Salida,having many customers or buyers,pagkakaroon ng maraming customer o mamimili
Salin-urog,to celebrate,upang ipagdiwang
Salipod,to block one's view,para harangin ang pananaw ng isang tao
Saliwan,to exchange or to trade places,upang makipagpalitan o makipagkalakalan ng mga lugar
Saliwni,"to instruct somebody to replace something, e.g., an item for another item","upang turuan ang isang tao na palitan ang isang bagay, hal., isang item para sa isa pang item"
Salog,river,ilog
Salog,floor,sahig
Samad,wound,sugat
Samtang,meanwhile; while,samantala; habang
Sanga,branch,sangay
Sangdal,physical fight between two women,pisikal na away ng dalawang babae
Sangkay,friend,kaibigan
Sangod,lucky charm; magic charm,masuwerteng alindog; mahiwagang alindog
San-o,when,kailan
Sarakyan,vehicle,sasakyan
Saribo,to water a plant,magdilig ng halaman
Saringsing,to begin to grow; a newly grown bud or shoot,upang magsimulang lumaki; isang bagong lumaki na usbong o shoot
Sarutso,hand saw,nakita ng kamay
Sarwal,pants,pantalon
Saya,skirt,palda
Sayaw,a dance number; to dance,isang numero ng sayaw; sumayaw
Sayo,one,isa
Semente,tea,tsaa
Sibuyas,onion,sibuyas
Sighot,weeds,mga damo
Siki,foot,paa
Siko,elbow,siko
Sil-ing,to peep; to peek,sumilip; sumilip
Silot,young coconut fruit,bunga ng niyog
Sinaka,past tense of saka,past tense ng saka
Sinalapid,braided hair,tinirintas na buhok
Sinapot,fried bananas with flour and sugar; banana fritters,pritong saging na may harina at asukal; banana fritters
Sinemana,weekly,lingguhan
Singbahan,church,simbahan
Sin-o,who,sino
Sinsilyo,coins,mga barya
Sipit,slippers,tsinelas
Siplat,glance,sulyap
Sip-on,nose mucus,uhog ng ilong
Sira,they,sila
Sista,guitar,gitara
Sitio,a village smaller than a barrio,isang nayon na mas maliit kaysa sa isang baryo
Siud,shame,kahihiyan
Siwo,chick,sisiw
Siya,he/she,siya/siya
Siyahan,first,una
Siyam,nine,siyam
Siyudad,city,lungsod
Sobra,excess,sobra
Subad-subad,repeating the same activity,pag-uulit ng parehong aktibidad
Subaw,to propose,mag-propose
Sudang,sun,araw
Sudlay,comb,suklay
Sudlot,bed bug,surot sa kama
Sugbong,shoulder,balikat
Suga,to imitate something or somebody,upang gayahin ang isang bagay o isang tao
Suhag,eldest,panganay
Suka (1),vomit; to vomit,pagsusuka; magsuka
Suka (2),vinegar,suka
Suksok,insert,ipasok
Sumpay,continuation,pagpapatuloy
Sumsuman,finger food usually eaten when drinking liquor,finger food na kadalasang kinakain kapag umiinom ng alak
Sundalo,soldier,sundalo
Sungo,firewood,panggatong
Sungpit,slingshot,tirador
Surat,v. to write; n. letter,v. magsulat; n. sulat
Suri,to jest,magbiro
Surit,to start a fire with a match,para magsimula ng apoy gamit ang posporo
Suso,breast,dibdib
Sweldo,salary,suweldo
Syapa,first,una
Tabok,to cross the road; to cross the river,tumawid sa kalsada; para tumawid sa ilog
Tabok,across the street; across the river,sa kabila ng kalye; sa kabila ng ilog
Tae,feces,dumi
Tadi,to taste,sa panlasa
Tadtaran,chopping board,chopping board
Tadung,straight,tuwid
Tagdasan,daily house wear,araw-araw na suot sa bahay
Tagpira,how much,magkano
Tagumata,sore eyes (conjunctivitis),namamagang mata (conjunctivitis)
Tagyaon,owner,may-ari
Tahod,to respect,igalang
Takgung,belt,sinturon
Talagsa,irregular; rare,hindi regular; bihira
Talais,pointed,itinuro
Talibong,to turn around,para lumingon
Talinga,ear,tainga
Tambak,plenty,marami
Tamban,dried fish,tuyong isda
Tamok,to be able to choose the right answer through trial and error,upang makapili ng tamang sagot sa pamamagitan ng trial and error
Tamsi,bird,ibon
Tandos,straight,tuwid
Tango,tooth,ngipin
Tangkal,pig pen,kulungan ng baboy
Tangkub,ear piercing,butas sa tainga
Tangkud,honest; faithful,tapat; tapat
Tanglad,lemon grass,limon damo
Tanom,plant,halaman
Tanaman,ornamental plant,halamang ornamental
Tan-aw,to watch,para manood
Tangis,cry; to cry,umiyak; para umiyak
Tangpos,finished,tapos na
Tapal,to slap,sampal
Taplak,blanket,kumot
Taplong,to slap,sampal
Tariti,drizzle,ambon
Taron,eggplant,talong
Taruhakhak,loud laugh,malakas na tawa
Tarumbak,stomping of feet with force to show anger,pagpapadyak ng mga paa nang may lakas upang ipakita ang galit
Tatsi,sexual intercourse,pakikipagtalik
Tawa,laughter; to laugh,pagtawa; tumawa
Tawo,person; human being,tao; tao
Tayud,lean meat,walang taba na karne
Tiagi,footstep,yapak
Tigasaw,ant,langgam
Tigaman,marker,pananda
Tigda,abrupt; sudden,biglang; biglaan
Tigo,to guess,para hulaan
Tigotigo,hypothesis,hypothesis
Tima (1),finished; done,tapos na; tapos na
Tima (2),food served in a party,pagkain na inihain sa isang party
Tinai,intestine,bituka
Tinapay,bread,tinapay
Tinatanglay,tired,pagod
Tindahan,store,tindahan
Tinidor,fork,tinidor
Tinikangan,beginning,simula
Tinuig,yearly,taun-taon
Tinggil,clitoris,klitoris
Tingug or tingog,voice,boses
Tipatay (1),weakling,nanghihina
Tipatay (2),about to kill somebody,tungkol sa pumatay ng tao
Tipdas,measles,tigdas
Tiyan,stomach,tiyan
Too,right,kanan 
Toyo,soy sauce,toyo
Trabahador,laborer,manggagawa
Troso,timber,kahoy
Tsismis,gossip,tsismis
Tsismosa/tsismoso,one who gossips,isang nagtsitsismisan
Tualya,towel,tuwalya
Tuba,coconut wine,alak ng niyog
Tubal,to spank,sa pagpalo
Tubig,water,tubig
Tubo,interest,interes
Tubo,sugarcane,tubo
Tubo,growth,paglago
Tubong (1),to feed,magpakain
Tubong (2),animal feeds,mga pagkain ng hayop
Tudlo,index finger,hintuturo
Tugbos,to stand,para tumayo
Tugon,to instruct; instructions,magturo; mga tagubilin
Tug-on,to cook rice,para magluto ng kanin
Tuhod,knee,tuhod
Tuig,year,taon
Tukal,to stay away from,upang lumayo sa
Tukba,"a word derived from tukob; a command which means ""bite""","salitang hango sa tukob; isang utos na nangangahulugang ""kagat"""
Tuko (1),to stop,para huminto
Tuko (2),gecko,tuko
Tukob,to bite,kumagat
Tuktugaok,the crow of a rooster,ang uwak ng tandang
Tul-an,bone,buto
Tulay,bridge,tulay
Tulin,clan; family,angkan; pamilya
Tulo,three,tatlo
Tulon,to swallow,upang lunukin
Tumaragko,thumb,hinlalaki
Tuna,land,lupain
Tuno,coconut milk,gata ng niyog
Tunog,sound,tunog
Tuod,believe,maniwala
Tupra,to spit,dumura
Turi,circumcised,tinuli
Turok,to inject with a needle,mag-iniksyon gamit ang isang karayom
Tustos,to smoke a cigarette,na humihit ng sigarilyo
Tutdo,to point to a certain direction or to teach,upang tumuro sa isang tiyak na direksyon o magturo
Tuwad,upside down,baligtad
Tuyang,to allow; to give permission,upang payagan; upang magbigay ng pahintulot
Tuyaw,foolish,tanga
Tuyob,cavity,lukab
Udog,stiff,matigas
Ugangan,mother-in-law/father-in-law,biyenan/biyenan
Ugat,vein,ugat
Uging,intestinal worm,uod sa bituka
Ugnat,to stretch,mag-inat
Ukad,to dig,maghukay
Ukig (N. Samar) or Ikug (Other parts of Samar and Leyte),tail,buntot
Ulalahipan,centipede,alupihan
Ulang,thread,thread
Ulat,scar,peklat
Uli,to go home,para umuwi
Ulitawo,an unmarried guy,isang lalaking walang asawa
Ulo,head,ulo
Ulunan,pillow,unan
Uma,farm; countryside,sakahan; kabukiran
Umagad nga babaye ,daughter-in-law,manugang
Umagad nga lalaki,son-in-law,manugang
Umagak,hen,hen
Umangkon nga babaye,niece,pamangkin
Umangkon nga lalaki,nephew,pamangkin
Una,first,una
Unabi,to mention something,magbanggit ng isang bagay
Unom,six,anim
Ungara,goal; dream; ambition; desire,layunin; panaginip; ambisyon; pagnanasa
Ungod,true; real,totoo; totoo
Upa,rice husk,balat ng palay
Upat,four,apat
Ura-ura,very,napaka
Urag,lust,pagnanasa
Uragan,lustful,may pagnanasa
Uran,rain,ulan
Urihi,last,huli
Uring,charcoal,uling
Uro or oro,to defecate; make a bowel movement,tumae; magdumi
Uro-awto,toy car,laruang sasakyan
Uro-uro,diarrhea,pagtatae
Uso,fad,libangan
Utan or otan,vegetable,gulay
Utang,debt,utang
Utang nga kaburot-on,debt of gratitude,utang ng pasasalamat
Utod,half,kalahati
Utog,erection,paninigas
Utot,fart,umutot
Uyag,to play,maglaro
Uyagan,toy,laruan
Uyas,seed,binhi
Wakay,destroyed; ruined,nawasak; wasak
Wala,left,umalis
Walo,eight,walo
Wara,none/nothing,wala/wala
Warak,spread; scattered,paglaganap; nakakalat
Waray,none/nothing,wala/wala
Waray buot,innocent,inosente
Waray busok,innocent,inosente
Waring,to move a heavy object,upang ilipat ang isang mabigat na bagay
Wati,earthworm,bulate
Yadi,here,dito
Yadto,there,doon
Yakan (regular Waray),to speak,magsalita
Yaman,wealth,kayamanan
Yana,now,ngayon
Yaon,has/have/had,mayroon/nagkaroon/nagkaroon
Yatot,rat,daga
Yawa,devil,demonyo
Yupyupan,nipple,utong
